product_id,product_name,brand,category,price_inr,best_for,avg_rating,positive_pct,negative_pct,high_issue_pct,recommendation_score,buy_recommendation,product_url,image_url_1,image_url_2,image_url_3,image_url_4,image_url_5,ram_gb,storage_gb,battery_mah,camera_mp,display,processor,network,gpu,capacity_l,power_w,control_type
PH001,Samsung Galaxy M35 5G,Samsung,Phone,17999,"Budget, Students, Daily Use",3.72,67,19.3,11.9,73.5,CONSIDER,https://www.samsung.com/in/smartphones/galaxy-m/galaxy-m35-5g/,https://tse1.mm.bing.net/th?q=Samsung+Galaxy+M35+5G+product+front&w=700&h=700&c=7&rs=1&p=0&dpr=1.5&pid=1.7&mkt=en-IN&adlt=moderate,https://tse2.mm.bing.net/th?q=Samsung+Galaxy+M35+5G+product+back&w=700&h=700&c=7&rs=1&p=0&dpr=1.5&pid=1.7&mkt=en-IN&adlt=moderate,https://tse3.mm.bing.net/th?q=Samsung+Galaxy+M35+5G+product+side&w=700&h=700&c=7&rs=1&p=0&dpr=1.5&pid=1.7&mkt=en-IN&adlt=moderate,https://tse4.mm.bing.net/th?q=Samsung+Galaxy+M35+5G+official+product&w=700&h=700&c=7&rs=1&p=0&dpr=1.5&pid=1.7&mkt=en-IN&adlt=moderate,https://tse1.mm.bing.net/th?q=Samsung+Galaxy+M35+5G+product+image&w=700&h=700&c=7&rs=1&p=0&dpr=1.5&pid=1.7&mkt=en-IN&adlt=moderate,6,128,5000,50,6.6 FHD+ 120Hz,N-Core 6100,5G,,,,
PH002,OnePlus Nord CE4 Lite 5G,OnePlus,Phone,19999,"Battery, Multimedia, Students",3.77,69.9,18.3,11.4,75.1,BUY,https://www.oneplus.in/oneplus-nord-ce4-lite-5g,https://tse1.mm.bing.net/th?q=OnePlus+Nord+CE4+Lite+5G+product+front&w=700&h=700&c=7&rs=1&p=0&dpr=1.5&pid=1.7&mkt=en-IN&adlt=moderate,https://tse2.mm.bing.net/th?q=OnePlus+Nord+CE4+Lite+5G+product+back&w=700&h=700&c=7&rs=1&p=0&dpr=1.5&pid=1.7&mkt=en-IN&adlt=moderate,https://tse3.mm.bing.net/th?q=OnePlus+Nord+CE4+Lite+5G+product+side&w=700&h=700&c=7&rs=1&p=0&dpr=1.5&pid=1.7&mkt=en-IN&adlt=moderate,https://tse4.mm.bing.net/th?q=OnePlus+Nord+CE4+Lite+5G+official+product&w=700&h=700&c=7&rs=1&p=0&dpr=1.5&pid=1.7&mkt=en-IN&adlt=moderate,https://tse1.mm.bing.net/th?q=OnePlus+Nord+CE4+Lite+5G+product+image&w=700&h=700&c=7&rs=1&p=0&dpr=1.5&pid=1.7&mkt=en-IN&adlt=moderate,8,128,5200,50,6.7 AMOLED 120Hz,Aster A7,5G,,,,
PH003,Motorola Edge 50 Fusion,Motorola,Phone,22999,"Value, Storage, Social Media",3.75,67.9,20.6,13.1,73.7,CONSIDER,https://www.motorola.in/smarthphones-motorola-edge-50-fusion/p,https://tse1.mm.bing.net/th?q=Motorola+Edge+50+Fusion+product+front&w=700&h=700&c=7&rs=1&p=0&dpr=1.5&pid=1.7&mkt=en-IN&adlt=moderate,https://tse2.mm.bing.net/th?q=Motorola+Edge+50+Fusion+product+back&w=700&h=700&c=7&rs=1&p=0&dpr=1.5&pid=1.7&mkt=en-IN&adlt=moderate,https://tse3.mm.bing.net/th?q=Motorola+Edge+50+Fusion+product+side&w=700&h=700&c=7&rs=1&p=0&dpr=1.5&pid=1.7&mkt=en-IN&adlt=moderate,https://tse4.mm.bing.net/th?q=Motorola+Edge+50+Fusion+official+product&w=700&h=700&c=7&rs=1&p=0&dpr=1.5&pid=1.7&mkt=en-IN&adlt=moderate,https://tse1.mm.bing.net/th?q=Motorola+Edge+50+Fusion+product+image&w=700&h=700&c=7&rs=1&p=0&dpr=1.5&pid=1.7&mkt=en-IN&adlt=moderate,8,256,5000,64,6.67 AMOLED 120Hz,Z8 Gen Lite,5G,,,,
PH004,Nothing Phone (2a),Nothing,Phone,23999,"Camera, Daily Use, Value",3.86,71,17.3,12.3,76.4,BUY,https://in.nothing.tech/pages/phone-2a,https://tse1.mm.bing.net/th?q=Nothing+Phone+%282a%29+product+front&w=700&h=700&c=7&rs=1&p=0&dpr=1.5&pid=1.7&mkt=en-IN&adlt=moderate,https://tse2.mm.bing.net/th?q=Nothing+Phone+%282a%29+product+back&w=700&h=700&c=7&rs=1&p=0&dpr=1.5&pid=1.7&mkt=en-IN&adlt=moderate,https://tse3.mm.bing.net/th?q=Nothing+Phone+%282a%29+product+side&w=700&h=700&c=7&rs=1&p=0&dpr=1.5&pid=1.7&mkt=en-IN&adlt=moderate,https://tse4.mm.bing.net/th?q=Nothing+Phone+%282a%29+official+product&w=700&h=700&c=7&rs=1&p=0&dpr=1.5&pid=1.7&mkt=en-IN&adlt=moderate,https://tse1.mm.bing.net/th?q=Nothing+Phone+%282a%29+product+image&w=700&h=700&c=7&rs=1&p=0&dpr=1.5&pid=1.7&mkt=en-IN&adlt=moderate,8,256,5100,64,6.6 AMOLED 120Hz,P-Core 820,5G,,,,
PH005,OnePlus Nord 4,OnePlus,Phone,29999,"Gaming, Performance, Display",3.95,75.9,14,8.6,79.6,BUY,https://www.oneplus.in/oneplus-nord-4,https://tse1.mm.bing.net/th?q=OnePlus+Nord+4+product+front&w=700&h=700&c=7&rs=1&p=0&dpr=1.5&pid=1.7&mkt=en-IN&adlt=moderate,https://tse2.mm.bing.net/th?q=OnePlus+Nord+4+product+back&w=700&h=700&c=7&rs=1&p=0&dpr=1.5&pid=1.7&mkt=en-IN&adlt=moderate,https://tse3.mm.bing.net/th?q=OnePlus+Nord+4+product+side&w=700&h=700&c=7&rs=1&p=0&dpr=1.5&pid=1.7&mkt=en-IN&adlt=moderate,https://tse4.mm.bing.net/th?q=OnePlus+Nord+4+official+product&w=700&h=700&c=7&rs=1&p=0&dpr=1.5&pid=1.7&mkt=en-IN&adlt=moderate,https://tse1.mm.bing.net/th?q=OnePlus+Nord+4+product+image&w=700&h=700&c=7&rs=1&p=0&dpr=1.5&pid=1.7&mkt=en-IN&adlt=moderate,8,256,5000,50,6.7 OLED 144Hz,Orbit X9,5G,,,,
PH006,Samsung Galaxy A55 5G,Samsung,Phone,35999,"Camera, Creators, Social Media",3.87,74.1,16.4,11,77.8,BUY,https://www.samsung.com/in/smartphones/galaxy-a/galaxy-a55-5g/,https://tse1.mm.bing.net/th?q=Samsung+Galaxy+A55+5G+product+front&w=700&h=700&c=7&rs=1&p=0&dpr=1.5&pid=1.7&mkt=en-IN&adlt=moderate,https://tse2.mm.bing.net/th?q=Samsung+Galaxy+A55+5G+product+back&w=700&h=700&c=7&rs=1&p=0&dpr=1.5&pid=1.7&mkt=en-IN&adlt=moderate,https://tse3.mm.bing.net/th?q=Samsung+Galaxy+A55+5G+product+side&w=700&h=700&c=7&rs=1&p=0&dpr=1.5&pid=1.7&mkt=en-IN&adlt=moderate,https://tse4.mm.bing.net/th?q=Samsung+Galaxy+A55+5G+official+product&w=700&h=700&c=7&rs=1&p=0&dpr=1.5&pid=1.7&mkt=en-IN&adlt=moderate,https://tse1.mm.bing.net/th?q=Samsung+Galaxy+A55+5G+product+image&w=700&h=700&c=7&rs=1&p=0&dpr=1.5&pid=1.7&mkt=en-IN&adlt=moderate,12,256,5000,108,6.78 AMOLED 120Hz,Vega V10,5G,,,,
PH007,Google Pixel 8a,Google,Phone,39999,"Gaming, Battery, Performance",3.97,76.9,16.4,10.9,79.6,BUY,https://store.google.com/in/product/pixel_8a,https://tse1.mm.bing.net/th?q=Google+Pixel+8a+product+front&w=700&h=700&c=7&rs=1&p=0&dpr=1.5&pid=1.7&mkt=en-IN&adlt=moderate,https://tse2.mm.bing.net/th?q=Google+Pixel+8a+product+back&w=700&h=700&c=7&rs=1&p=0&dpr=1.5&pid=1.7&mkt=en-IN&adlt=moderate,https://tse3.mm.bing.net/th?q=Google+Pixel+8a+product+side&w=700&h=700&c=7&rs=1&p=0&dpr=1.5&pid=1.7&mkt=en-IN&adlt=moderate,https://tse4.mm.bing.net/th?q=Google+Pixel+8a+official+product&w=700&h=700&c=7&rs=1&p=0&dpr=1.5&pid=1.7&mkt=en-IN&adlt=moderate,https://tse1.mm.bing.net/th?q=Google+Pixel+8a+product+image&w=700&h=700&c=7&rs=1&p=0&dpr=1.5&pid=1.7&mkt=en-IN&adlt=moderate,12,256,5500,50,6.8 AMOLED 144Hz,Titan GX2,5G,,,,
PH008,Samsung Galaxy S24 FE,Samsung,Phone,49999,"Premium, Camera, Display",3.97,76.7,12.7,8.9,80.2,BUY,https://www.samsung.com/in/smartphones/galaxy-s/galaxy-s24-fe/,https://tse1.mm.bing.net/th?q=Samsung+Galaxy+S24+FE+product+front&w=700&h=700&c=7&rs=1&p=0&dpr=1.5&pid=1.7&mkt=en-IN&adlt=moderate,https://tse2.mm.bing.net/th?q=Samsung+Galaxy+S24+FE+product+back&w=700&h=700&c=7&rs=1&p=0&dpr=1.5&pid=1.7&mkt=en-IN&adlt=moderate,https://tse3.mm.bing.net/th?q=Samsung+Galaxy+S24+FE+product+side&w=700&h=700&c=7&rs=1&p=0&dpr=1.5&pid=1.7&mkt=en-IN&adlt=moderate,https://tse4.mm.bing.net/th?q=Samsung+Galaxy+S24+FE+official+product&w=700&h=700&c=7&rs=1&p=0&dpr=1.5&pid=1.7&mkt=en-IN&adlt=moderate,https://tse1.mm.bing.net/th?q=Samsung+Galaxy+S24+FE+product+image&w=700&h=700&c=7&rs=1&p=0&dpr=1.5&pid=1.7&mkt=en-IN&adlt=moderate,12,256,5000,50,6.7 LTPO OLED 120Hz,Lumi L1 Pro,5G,,,,
PH009,OnePlus 13R,OnePlus,Phone,42999,"Flagship Camera, Performance, Premium",4.08,81.3,9.7,9.7,83.3,BUY,https://www.oneplus.in/oneplus-13r,https://tse1.mm.bing.net/th?q=OnePlus+13R+product+front&w=700&h=700&c=7&rs=1&p=0&dpr=1.5&pid=1.7&mkt=en-IN&adlt=moderate,https://tse2.mm.bing.net/th?q=OnePlus+13R+product+back&w=700&h=700&c=7&rs=1&p=0&dpr=1.5&pid=1.7&mkt=en-IN&adlt=moderate,https://tse3.mm.bing.net/th?q=OnePlus+13R+product+side&w=700&h=700&c=7&rs=1&p=0&dpr=1.5&pid=1.7&mkt=en-IN&adlt=moderate,https://tse4.mm.bing.net/th?q=OnePlus+13R+official+product&w=700&h=700&c=7&rs=1&p=0&dpr=1.5&pid=1.7&mkt=en-IN&adlt=moderate,https://tse1.mm.bing.net/th?q=OnePlus+13R+product+image&w=700&h=700&c=7&rs=1&p=0&dpr=1.5&pid=1.7&mkt=en-IN&adlt=moderate,12,512,5200,200,6.8 LTPO AMOLED 120Hz,Apex A1 Ultra,5G,,,,
PH010,Samsung Galaxy Z Flip6,Samsung,Phone,89999,"Foldable, Productivity, Premium",3.96,74.9,14.3,11.6,79.1,BUY,https://www.samsung.com/in/smartphones/galaxy-z/galaxy-z-flip6/,https://tse1.mm.bing.net/th?q=Samsung+Galaxy+Z+Flip6+product+front&w=700&h=700&c=7&rs=1&p=0&dpr=1.5&pid=1.7&mkt=en-IN&adlt=moderate,https://tse2.mm.bing.net/th?q=Samsung+Galaxy+Z+Flip6+product+back&w=700&h=700&c=7&rs=1&p=0&dpr=1.5&pid=1.7&mkt=en-IN&adlt=moderate,https://tse3.mm.bing.net/th?q=Samsung+Galaxy+Z+Flip6+product+side&w=700&h=700&c=7&rs=1&p=0&dpr=1.5&pid=1.7&mkt=en-IN&adlt=moderate,https://tse4.mm.bing.net/th?q=Samsung+Galaxy+Z+Flip6+official+product&w=700&h=700&c=7&rs=1&p=0&dpr=1.5&pid=1.7&mkt=en-IN&adlt=moderate,https://tse1.mm.bing.net/th?q=Samsung+Galaxy+Z+Flip6+product+image&w=700&h=700&c=7&rs=1&p=0&dpr=1.5&pid=1.7&mkt=en-IN&adlt=moderate,12,512,4700,50,7.6 Foldable OLED 120Hz,Vertex V3 Elite,5G,,,,
LP001,HP 15s Ryzen 5,HP,Laptop,44999,"Students, Office, Coding",3.11,34.9,17.4,24.6,56.4,DON'T BUY,https://www.hp.com/in-en/shop/laptops-tablets.html,https://tse1.mm.bing.net/th?q=HP+15s+Ryzen+5+product+front&w=700&h=700&c=7&rs=1&p=0&dpr=1.5&pid=1.7&mkt=en-IN&adlt=moderate,https://tse2.mm.bing.net/th?q=HP+15s+Ryzen+5+product+back&w=700&h=700&c=7&rs=1&p=0&dpr=1.5&pid=1.7&mkt=en-IN&adlt=moderate,https://tse3.mm.bing.net/th?q=HP+15s+Ryzen+5+product+side&w=700&h=700&c=7&rs=1&p=0&dpr=1.5&pid=1.7&mkt=en-IN&adlt=moderate,https://tse4.mm.bing.net/th?q=HP+15s+Ryzen+5+official+product&w=700&h=700&c=7&rs=1&p=0&dpr=1.5&pid=1.7&mkt=en-IN&adlt=moderate,https://tse1.mm.bing.net/th?q=HP+15s+Ryzen+5+product+image&w=700&h=700&c=7&rs=1&p=0&dpr=1.5&pid=1.7&mkt=en-IN&adlt=moderate,8,512,,,14 FHD IPS,Intel Core i5,,Integrated,,,
LP002,Lenovo IdeaPad Slim 3,Lenovo,Laptop,47999,"Coding, Office, Students",3.24,41.4,13.1,18.9,60.7,DON'T BUY,https://www.lenovo.com/in/en/c/laptops/ideapad/,https://tse1.mm.bing.net/th?q=Lenovo+IdeaPad+Slim+3+product+front&w=700&h=700&c=7&rs=1&p=0&dpr=1.5&pid=1.7&mkt=en-IN&adlt=moderate,https://tse2.mm.bing.net/th?q=Lenovo+IdeaPad+Slim+3+product+back&w=700&h=700&c=7&rs=1&p=0&dpr=1.5&pid=1.7&mkt=en-IN&adlt=moderate,https://tse3.mm.bing.net/th?q=Lenovo+IdeaPad+Slim+3+product+side&w=700&h=700&c=7&rs=1&p=0&dpr=1.5&pid=1.7&mkt=en-IN&adlt=moderate,https://tse4.mm.bing.net/th?q=Lenovo+IdeaPad+Slim+3+official+product&w=700&h=700&c=7&rs=1&p=0&dpr=1.5&pid=1.7&mkt=en-IN&adlt=moderate,https://tse1.mm.bing.net/th?q=Lenovo+IdeaPad+Slim+3+product+image&w=700&h=700&c=7&rs=1&p=0&dpr=1.5&pid=1.7&mkt=en-IN&adlt=moderate,16,512,,,15.6 FHD IPS,Ryzen 5,,Integrated,,,
LP003,ASUS Vivobook 15,ASUS,Laptop,52999,"Coding, Gaming, Productivity",3.19,33.4,15.4,21.1,57.1,DON'T BUY,https://www.asus.com/in/laptops/for-home/vivobook/,https://tse1.mm.bing.net/th?q=ASUS+Vivobook+15+product+front&w=700&h=700&c=7&rs=1&p=0&dpr=1.5&pid=1.7&mkt=en-IN&adlt=moderate,https://tse2.mm.bing.net/th?q=ASUS+Vivobook+15+product+back&w=700&h=700&c=7&rs=1&p=0&dpr=1.5&pid=1.7&mkt=en-IN&adlt=moderate,https://tse3.mm.bing.net/th?q=ASUS+Vivobook+15+product+side&w=700&h=700&c=7&rs=1&p=0&dpr=1.5&pid=1.7&mkt=en-IN&adlt=moderate,https://tse4.mm.bing.net/th?q=ASUS+Vivobook+15+official+product&w=700&h=700&c=7&rs=1&p=0&dpr=1.5&pid=1.7&mkt=en-IN&adlt=moderate,https://tse1.mm.bing.net/th?q=ASUS+Vivobook+15+product+image&w=700&h=700&c=7&rs=1&p=0&dpr=1.5&pid=1.7&mkt=en-IN&adlt=moderate,16,512,,,15.6 FHD 144Hz,Intel Core i7,,RTX 2050,,,
LP004,Acer Aspire 5,Acer,Laptop,57999,"Creators, Editing, Gaming",3.21,34.9,11.7,22.6,58.2,DON'T BUY,https://www.acer.com/in-en/laptops/aspire/aspire-5,https://tse1.mm.bing.net/th?q=Acer+Aspire+5+product+front&w=700&h=700&c=7&rs=1&p=0&dpr=1.5&pid=1.7&mkt=en-IN&adlt=moderate,https://tse2.mm.bing.net/th?q=Acer+Aspire+5+product+back&w=700&h=700&c=7&rs=1&p=0&dpr=1.5&pid=1.7&mkt=en-IN&adlt=moderate,https://tse3.mm.bing.net/th?q=Acer+Aspire+5+product+side&w=700&h=700&c=7&rs=1&p=0&dpr=1.5&pid=1.7&mkt=en-IN&adlt=moderate,https://tse4.mm.bing.net/th?q=Acer+Aspire+5+official+product&w=700&h=700&c=7&rs=1&p=0&dpr=1.5&pid=1.7&mkt=en-IN&adlt=moderate,https://tse1.mm.bing.net/th?q=Acer+Aspire+5+product+image&w=700&h=700&c=7&rs=1&p=0&dpr=1.5&pid=1.7&mkt=en-IN&adlt=moderate,16,1000,,,15.6 QHD,Ryzen 7,,RTX 3050,,,
LP005,Lenovo LOQ 15,Lenovo,Laptop,74999,"Gaming, Performance",3.19,36.9,12.3,20.3,58.7,DON'T BUY,https://www.lenovo.com/in/en/c/laptops/loq-laptops/,https://tse1.mm.bing.net/th?q=Lenovo+LOQ+15+product+front&w=700&h=700&c=7&rs=1&p=0&dpr=1.5&pid=1.7&mkt=en-IN&adlt=moderate,https://tse2.mm.bing.net/th?q=Lenovo+LOQ+15+product+back&w=700&h=700&c=7&rs=1&p=0&dpr=1.5&pid=1.7&mkt=en-IN&adlt=moderate,https://tse3.mm.bing.net/th?q=Lenovo+LOQ+15+product+side&w=700&h=700&c=7&rs=1&p=0&dpr=1.5&pid=1.7&mkt=en-IN&adlt=moderate,https://tse4.mm.bing.net/th?q=Lenovo+LOQ+15+official+product&w=700&h=700&c=7&rs=1&p=0&dpr=1.5&pid=1.7&mkt=en-IN&adlt=moderate,https://tse1.mm.bing.net/th?q=Lenovo+LOQ+15+product+image&w=700&h=700&c=7&rs=1&p=0&dpr=1.5&pid=1.7&mkt=en-IN&adlt=moderate,16,1000,,,16 FHD 165Hz,Intel Core i7,,RTX 4060,,,
LP006,ASUS TUF Gaming F15,ASUS,Laptop,79999,"Travel, Office, Premium",3.29,41.4,15.7,17.1,60.9,DON'T BUY,https://www.asus.com/in/laptops/for-gaming/tuf-gaming/,https://tse1.mm.bing.net/th?q=ASUS+TUF+Gaming+F15+product+front&w=700&h=700&c=7&rs=1&p=0&dpr=1.5&pid=1.7&mkt=en-IN&adlt=moderate,https://tse2.mm.bing.net/th?q=ASUS+TUF+Gaming+F15+product+back&w=700&h=700&c=7&rs=1&p=0&dpr=1.5&pid=1.7&mkt=en-IN&adlt=moderate,https://tse3.mm.bing.net/th?q=ASUS+TUF+Gaming+F15+product+side&w=700&h=700&c=7&rs=1&p=0&dpr=1.5&pid=1.7&mkt=en-IN&adlt=moderate,https://tse4.mm.bing.net/th?q=ASUS+TUF+Gaming+F15+official+product&w=700&h=700&c=7&rs=1&p=0&dpr=1.5&pid=1.7&mkt=en-IN&adlt=moderate,https://tse1.mm.bing.net/th?q=ASUS+TUF+Gaming+F15+product+image&w=700&h=700&c=7&rs=1&p=0&dpr=1.5&pid=1.7&mkt=en-IN&adlt=moderate,16,512,,,13.3 OLED,Intel Core Ultra 5,,Integrated,,,
LP007,HP Victus 15,HP,Laptop,84999,"Development, Editing, Gaming",3.31,35.1,13.1,21.4,59.1,DON'T BUY,https://www.hp.com/in-en/shop/laptops-tablets/personal-laptops/victus-laptops.html,https://tse1.mm.bing.net/th?q=HP+Victus+15+product+front&w=700&h=700&c=7&rs=1&p=0&dpr=1.5&pid=1.7&mkt=en-IN&adlt=moderate,https://tse2.mm.bing.net/th?q=HP+Victus+15+product+back&w=700&h=700&c=7&rs=1&p=0&dpr=1.5&pid=1.7&mkt=en-IN&adlt=moderate,https://tse3.mm.bing.net/th?q=HP+Victus+15+product+side&w=700&h=700&c=7&rs=1&p=0&dpr=1.5&pid=1.7&mkt=en-IN&adlt=moderate,https://tse4.mm.bing.net/th?q=HP+Victus+15+official+product&w=700&h=700&c=7&rs=1&p=0&dpr=1.5&pid=1.7&mkt=en-IN&adlt=moderate,https://tse1.mm.bing.net/th?q=HP+Victus+15+product+image&w=700&h=700&c=7&rs=1&p=0&dpr=1.5&pid=1.7&mkt=en-IN&adlt=moderate,32,1000,,,16 QHD 165Hz,Ryzen 9,,RTX 4060,,,
LP008,Apple MacBook Air M3 13-inch,Apple,Laptop,114900,"Creators, AI, Video Editing",3.28,39.4,11.4,20.9,60.5,DON'T BUY,https://www.apple.com/in/macbook-air/,https://tse1.mm.bing.net/th?q=Apple+MacBook+Air+M3+13-inch+product+front&w=700&h=700&c=7&rs=1&p=0&dpr=1.5&pid=1.7&mkt=en-IN&adlt=moderate,https://tse2.mm.bing.net/th?q=Apple+MacBook+Air+M3+13-inch+product+back&w=700&h=700&c=7&rs=1&p=0&dpr=1.5&pid=1.7&mkt=en-IN&adlt=moderate,https://tse3.mm.bing.net/th?q=Apple+MacBook+Air+M3+13-inch+product+side&w=700&h=700&c=7&rs=1&p=0&dpr=1.5&pid=1.7&mkt=en-IN&adlt=moderate,https://tse4.mm.bing.net/th?q=Apple+MacBook+Air+M3+13-inch+official+product&w=700&h=700&c=7&rs=1&p=0&dpr=1.5&pid=1.7&mkt=en-IN&adlt=moderate,https://tse1.mm.bing.net/th?q=Apple+MacBook+Air+M3+13-inch+product+image&w=700&h=700&c=7&rs=1&p=0&dpr=1.5&pid=1.7&mkt=en-IN&adlt=moderate,32,1000,,,16 OLED,Intel Core Ultra 7,,RTX 4070,,,
LP009,Dell Inspiron 16 Plus,Dell,Laptop,119999,"Premium, AI, Development",3.29,38.9,10.3,19.1,60.7,DON'T BUY,https://www.dell.com/en-in/shop/dell-laptops/scr/laptops,https://tse1.mm.bing.net/th?q=Dell+Inspiron+16+Plus+product+front&w=700&h=700&c=7&rs=1&p=0&dpr=1.5&pid=1.7&mkt=en-IN&adlt=moderate,https://tse2.mm.bing.net/th?q=Dell+Inspiron+16+Plus+product+back&w=700&h=700&c=7&rs=1&p=0&dpr=1.5&pid=1.7&mkt=en-IN&adlt=moderate,https://tse3.mm.bing.net/th?q=Dell+Inspiron+16+Plus+product+side&w=700&h=700&c=7&rs=1&p=0&dpr=1.5&pid=1.7&mkt=en-IN&adlt=moderate,https://tse4.mm.bing.net/th?q=Dell+Inspiron+16+Plus+official+product&w=700&h=700&c=7&rs=1&p=0&dpr=1.5&pid=1.7&mkt=en-IN&adlt=moderate,https://tse1.mm.bing.net/th?q=Dell+Inspiron+16+Plus+product+image&w=700&h=700&c=7&rs=1&p=0&dpr=1.5&pid=1.7&mkt=en-IN&adlt=moderate,32,2000,,,16 3K OLED,Intel Core Ultra 9,,RTX 4070,,,
LP010,ASUS ROG Strix G16,ASUS,Laptop,159999,"High-end Gaming, AI, Rendering",3.3,40,11.7,22.3,60.8,DON'T BUY,https://rog.asus.com/in/laptops/rog-strix/rog-strix-g16-series/,https://tse1.mm.bing.net/th?q=ASUS+ROG+Strix+G16+product+front&w=700&h=700&c=7&rs=1&p=0&dpr=1.5&pid=1.7&mkt=en-IN&adlt=moderate,https://tse2.mm.bing.net/th?q=ASUS+ROG+Strix+G16+product+back&w=700&h=700&c=7&rs=1&p=0&dpr=1.5&pid=1.7&mkt=en-IN&adlt=moderate,https://tse3.mm.bing.net/th?q=ASUS+ROG+Strix+G16+product+side&w=700&h=700&c=7&rs=1&p=0&dpr=1.5&pid=1.7&mkt=en-IN&adlt=moderate,https://tse4.mm.bing.net/th?q=ASUS+ROG+Strix+G16+official+product&w=700&h=700&c=7&rs=1&p=0&dpr=1.5&pid=1.7&mkt=en-IN&adlt=moderate,https://tse1.mm.bing.net/th?q=ASUS+ROG+Strix+G16+product+image&w=700&h=700&c=7&rs=1&p=0&dpr=1.5&pid=1.7&mkt=en-IN&adlt=moderate,64,2000,,,17 QHD 240Hz,Ryzen 9,,RTX 4080,,,
AF001,Philips Airfryer HD9200,Philips,Air Fryer,4999,"Small Family, Snacks",3.27,35.4,14.6,14.9,58.9,DON'T BUY,https://www.domesticappliances.philips.co.in/collections/airfryer,https://tse1.mm.bing.net/th?q=Philips+Airfryer+HD9200+product+front&w=700&h=700&c=7&rs=1&p=0&dpr=1.5&pid=1.7&mkt=en-IN&adlt=moderate,https://tse2.mm.bing.net/th?q=Philips+Airfryer+HD9200+product+back&w=700&h=700&c=7&rs=1&p=0&dpr=1.5&pid=1.7&mkt=en-IN&adlt=moderate,https://tse3.mm.bing.net/th?q=Philips+Airfryer+HD9200+product+side&w=700&h=700&c=7&rs=1&p=0&dpr=1.5&pid=1.7&mkt=en-IN&adlt=moderate,https://tse4.mm.bing.net/th?q=Philips+Airfryer+HD9200+official+product&w=700&h=700&c=7&rs=1&p=0&dpr=1.5&pid=1.7&mkt=en-IN&adlt=moderate,https://tse1.mm.bing.net/th?q=Philips+Airfryer+HD9200+product+image&w=700&h=700&c=7&rs=1&p=0&dpr=1.5&pid=1.7&mkt=en-IN&adlt=moderate,,,,,,,,,3,1200,Manual
AF002,Prestige Nutrifry Digital Air Fryer 4.5L,Prestige,Air Fryer,5499,"Daily Use, Small Family",3.07,32,18.6,17.7,55.2,DON'T BUY,https://shop.ttkprestige.com/,https://tse1.mm.bing.net/th?q=Prestige+Nutrifry+Digital+Air+Fryer+4.5L+product+front&w=700&h=700&c=7&rs=1&p=0&dpr=1.5&pid=1.7&mkt=en-IN&adlt=moderate,https://tse2.mm.bing.net/th?q=Prestige+Nutrifry+Digital+Air+Fryer+4.5L+product+back&w=700&h=700&c=7&rs=1&p=0&dpr=1.5&pid=1.7&mkt=en-IN&adlt=moderate,https://tse3.mm.bing.net/th?q=Prestige+Nutrifry+Digital+Air+Fryer+4.5L+product+side&w=700&h=700&c=7&rs=1&p=0&dpr=1.5&pid=1.7&mkt=en-IN&adlt=moderate,https://tse4.mm.bing.net/th?q=Prestige+Nutrifry+Digital+Air+Fryer+4.5L+official+product&w=700&h=700&c=7&rs=1&p=0&dpr=1.5&pid=1.7&mkt=en-IN&adlt=moderate,https://tse1.mm.bing.net/th?q=Prestige+Nutrifry+Digital+Air+Fryer+4.5L+product+image&w=700&h=700&c=7&rs=1&p=0&dpr=1.5&pid=1.7&mkt=en-IN&adlt=moderate,,,,,,,,,4,1400,Digital
AF003,Pigeon Healthifry Digital Air Fryer,Pigeon,Air Fryer,5999,"Family, Fries, Chicken",3.26,36.9,16.3,16.3,59,DON'T BUY,https://stovekraft.com/,https://tse1.mm.bing.net/th?q=Pigeon+Healthifry+Digital+Air+Fryer+product+front&w=700&h=700&c=7&rs=1&p=0&dpr=1.5&pid=1.7&mkt=en-IN&adlt=moderate,https://tse2.mm.bing.net/th?q=Pigeon+Healthifry+Digital+Air+Fryer+product+back&w=700&h=700&c=7&rs=1&p=0&dpr=1.5&pid=1.7&mkt=en-IN&adlt=moderate,https://tse3.mm.bing.net/th?q=Pigeon+Healthifry+Digital+Air+Fryer+product+side&w=700&h=700&c=7&rs=1&p=0&dpr=1.5&pid=1.7&mkt=en-IN&adlt=moderate,https://tse4.mm.bing.net/th?q=Pigeon+Healthifry+Digital+Air+Fryer+official+product&w=700&h=700&c=7&rs=1&p=0&dpr=1.5&pid=1.7&mkt=en-IN&adlt=moderate,https://tse1.mm.bing.net/th?q=Pigeon+Healthifry+Digital+Air+Fryer+product+image&w=700&h=700&c=7&rs=1&p=0&dpr=1.5&pid=1.7&mkt=en-IN&adlt=moderate,,,,,,,,,5,1500,Digital Touch
AF004,Havells Prolife Digi Air Fryer,Havells,Air Fryer,7499,"Family, Multi-purpose",3.35,38.3,14.6,13.4,60.7,DON'T BUY,https://havells.com/,https://tse1.mm.bing.net/th?q=Havells+Prolife+Digi+Air+Fryer+product+front&w=700&h=700&c=7&rs=1&p=0&dpr=1.5&pid=1.7&mkt=en-IN&adlt=moderate,https://tse2.mm.bing.net/th?q=Havells+Prolife+Digi+Air+Fryer+product+back&w=700&h=700&c=7&rs=1&p=0&dpr=1.5&pid=1.7&mkt=en-IN&adlt=moderate,https://tse3.mm.bing.net/th?q=Havells+Prolife+Digi+Air+Fryer+product+side&w=700&h=700&c=7&rs=1&p=0&dpr=1.5&pid=1.7&mkt=en-IN&adlt=moderate,https://tse4.mm.bing.net/th?q=Havells+Prolife+Digi+Air+Fryer+official+product&w=700&h=700&c=7&rs=1&p=0&dpr=1.5&pid=1.7&mkt=en-IN&adlt=moderate,https://tse1.mm.bing.net/th?q=Havells+Prolife+Digi+Air+Fryer+product+image&w=700&h=700&c=7&rs=1&p=0&dpr=1.5&pid=1.7&mkt=en-IN&adlt=moderate,,,,,,,,,5.5,1600,Digital Touch
AF005,Philips Airfryer HD9252,Philips,Air Fryer,7999,"Family, Roasting, Baking",3.23,38.6,18,12,59.3,DON'T BUY,https://www.domesticappliances.philips.co.in/collections/airfryer,https://tse1.mm.bing.net/th?q=Philips+Airfryer+HD9252+product+front&w=700&h=700&c=7&rs=1&p=0&dpr=1.5&pid=1.7&mkt=en-IN&adlt=moderate,https://tse2.mm.bing.net/th?q=Philips+Airfryer+HD9252+product+back&w=700&h=700&c=7&rs=1&p=0&dpr=1.5&pid=1.7&mkt=en-IN&adlt=moderate,https://tse3.mm.bing.net/th?q=Philips+Airfryer+HD9252+product+side&w=700&h=700&c=7&rs=1&p=0&dpr=1.5&pid=1.7&mkt=en-IN&adlt=moderate,https://tse4.mm.bing.net/th?q=Philips+Airfryer+HD9252+official+product&w=700&h=700&c=7&rs=1&p=0&dpr=1.5&pid=1.7&mkt=en-IN&adlt=moderate,https://tse1.mm.bing.net/th?q=Philips+Airfryer+HD9252+product+image&w=700&h=700&c=7&rs=1&p=0&dpr=1.5&pid=1.7&mkt=en-IN&adlt=moderate,,,,,,,,,6,1700,Digital
AF006,AGARO Regency Air Fryer 12L,AGARO,Air Fryer,8999,"Smart Cooking, Family",3.26,40,12.9,14.3,60.7,DON'T BUY,https://agarolifestyle.com/,https://tse1.mm.bing.net/th?q=AGARO+Regency+Air+Fryer+12L+product+front&w=700&h=700&c=7&rs=1&p=0&dpr=1.5&pid=1.7&mkt=en-IN&adlt=moderate,https://tse2.mm.bing.net/th?q=AGARO+Regency+Air+Fryer+12L+product+back&w=700&h=700&c=7&rs=1&p=0&dpr=1.5&pid=1.7&mkt=en-IN&adlt=moderate,https://tse3.mm.bing.net/th?q=AGARO+Regency+Air+Fryer+12L+product+side&w=700&h=700&c=7&rs=1&p=0&dpr=1.5&pid=1.7&mkt=en-IN&adlt=moderate,https://tse4.mm.bing.net/th?q=AGARO+Regency+Air+Fryer+12L+official+product&w=700&h=700&c=7&rs=1&p=0&dpr=1.5&pid=1.7&mkt=en-IN&adlt=moderate,https://tse1.mm.bing.net/th?q=AGARO+Regency+Air+Fryer+12L+product+image&w=700&h=700&c=7&rs=1&p=0&dpr=1.5&pid=1.7&mkt=en-IN&adlt=moderate,,,,,,,,,6.5,1800,Smart Touch
AF007,INALSA Air Fryer Oven Aero Crisp 16L,INALSA,Air Fryer,10999,"Large Family, Meal Prep",3.31,35.7,12.6,13.4,59.7,DON'T BUY,https://www.inalsaappliances.com/,https://tse1.mm.bing.net/th?q=INALSA+Air+Fryer+Oven+Aero+Crisp+16L+product+front&w=700&h=700&c=7&rs=1&p=0&dpr=1.5&pid=1.7&mkt=en-IN&adlt=moderate,https://tse2.mm.bing.net/th?q=INALSA+Air+Fryer+Oven+Aero+Crisp+16L+product+back&w=700&h=700&c=7&rs=1&p=0&dpr=1.5&pid=1.7&mkt=en-IN&adlt=moderate,https://tse3.mm.bing.net/th?q=INALSA+Air+Fryer+Oven+Aero+Crisp+16L+product+side&w=700&h=700&c=7&rs=1&p=0&dpr=1.5&pid=1.7&mkt=en-IN&adlt=moderate,https://tse4.mm.bing.net/th?q=INALSA+Air+Fryer+Oven+Aero+Crisp+16L+official+product&w=700&h=700&c=7&rs=1&p=0&dpr=1.5&pid=1.7&mkt=en-IN&adlt=moderate,https://tse1.mm.bing.net/th?q=INALSA+Air+Fryer+Oven+Aero+Crisp+16L+product+image&w=700&h=700&c=7&rs=1&p=0&dpr=1.5&pid=1.7&mkt=en-IN&adlt=moderate,,,,,,,,,8,2000,Dual Basket
AF008,Wonderchef Crimson Edge Air Fryer,Wonderchef,Air Fryer,7499,"Baking, Roasting, Large Family",3.14,36.3,14,14,58.1,DON'T BUY,https://www.wonderchef.com/collections/air-fryers,https://tse1.mm.bing.net/th?q=Wonderchef+Crimson+Edge+Air+Fryer+product+front&w=700&h=700&c=7&rs=1&p=0&dpr=1.5&pid=1.7&mkt=en-IN&adlt=moderate,https://tse2.mm.bing.net/th?q=Wonderchef+Crimson+Edge+Air+Fryer+product+back&w=700&h=700&c=7&rs=1&p=0&dpr=1.5&pid=1.7&mkt=en-IN&adlt=moderate,https://tse3.mm.bing.net/th?q=Wonderchef+Crimson+Edge+Air+Fryer+product+side&w=700&h=700&c=7&rs=1&p=0&dpr=1.5&pid=1.7&mkt=en-IN&adlt=moderate,https://tse4.mm.bing.net/th?q=Wonderchef+Crimson+Edge+Air+Fryer+official+product&w=700&h=700&c=7&rs=1&p=0&dpr=1.5&pid=1.7&mkt=en-IN&adlt=moderate,https://tse1.mm.bing.net/th?q=Wonderchef+Crimson+Edge+Air+Fryer+product+image&w=700&h=700&c=7&rs=1&p=0&dpr=1.5&pid=1.7&mkt=en-IN&adlt=moderate,,,,,,,,,10,2100,Oven Style
AF009,Morphy Richards AirCrisp Air Fryer,Morphy Richards,Air Fryer,9999,"Large Family, Baking, Rotisserie",3.34,42.9,13.4,12.3,62.5,CONSIDER,https://www.morphyrichardsindia.com/,https://tse1.mm.bing.net/th?q=Morphy+Richards+AirCrisp+Air+Fryer+product+front&w=700&h=700&c=7&rs=1&p=0&dpr=1.5&pid=1.7&mkt=en-IN&adlt=moderate,https://tse2.mm.bing.net/th?q=Morphy+Richards+AirCrisp+Air+Fryer+product+back&w=700&h=700&c=7&rs=1&p=0&dpr=1.5&pid=1.7&mkt=en-IN&adlt=moderate,https://tse3.mm.bing.net/th?q=Morphy+Richards+AirCrisp+Air+Fryer+product+side&w=700&h=700&c=7&rs=1&p=0&dpr=1.5&pid=1.7&mkt=en-IN&adlt=moderate,https://tse4.mm.bing.net/th?q=Morphy+Richards+AirCrisp+Air+Fryer+official+product&w=700&h=700&c=7&rs=1&p=0&dpr=1.5&pid=1.7&mkt=en-IN&adlt=moderate,https://tse1.mm.bing.net/th?q=Morphy+Richards+AirCrisp+Air+Fryer+product+image&w=700&h=700&c=7&rs=1&p=0&dpr=1.5&pid=1.7&mkt=en-IN&adlt=moderate,,,,,,,,,12,2200,Oven + Rotisserie
AF010,Philips Airfryer Combi XXL,Philips,Air Fryer,24999,"Premium, Large Family, Multi-cooking",3.43,42.3,8.9,12.6,63.8,CONSIDER,https://www.domesticappliances.philips.co.in/collections/airfryer,https://tse1.mm.bing.net/th?q=Philips+Airfryer+Combi+XXL+product+front&w=700&h=700&c=7&rs=1&p=0&dpr=1.5&pid=1.7&mkt=en-IN&adlt=moderate,https://tse2.mm.bing.net/th?q=Philips+Airfryer+Combi+XXL+product+back&w=700&h=700&c=7&rs=1&p=0&dpr=1.5&pid=1.7&mkt=en-IN&adlt=moderate,https://tse3.mm.bing.net/th?q=Philips+Airfryer+Combi+XXL+product+side&w=700&h=700&c=7&rs=1&p=0&dpr=1.5&pid=1.7&mkt=en-IN&adlt=moderate,https://tse4.mm.bing.net/th?q=Philips+Airfryer+Combi+XXL+official+product&w=700&h=700&c=7&rs=1&p=0&dpr=1.5&pid=1.7&mkt=en-IN&adlt=moderate,https://tse1.mm.bing.net/th?q=Philips+Airfryer+Combi+XXL+product+image&w=700&h=700&c=7&rs=1&p=0&dpr=1.5&pid=1.7&mkt=en-IN&adlt=moderate,,,,,,,,,15,2400,Smart Oven
